{
  "auc": 0.971882533420995,
  "threshold_used": 0.5,
  "best_threshold": 0.9951775074005127,
  "f1": 0.90127757922773,
  "precision": 0.8237791931884548,
  "recall": 0.9948717948462853,
  "specificity": 0.6452991452715684,
  "confusion_matrix": [
    [
      151,
      83
    ],
    [
      2,
      388
    ]
  ],
  "TP": 388,
  "TN": 151,
  "FP": 83,
  "FN": 2,
  "n_positive": 390,
  "n_negative": 234,
  "class_names": [
    "NORMAL",
    "PNEUMONIA"
  ],
  "n_samples": 624
}