{
  "per_class_auc": {
    "Atelectasis": 0.7544032045503422,
    "Cardiomegaly": 0.8791954442218906,
    "Effusion": 0.8103909112187566,
    "Infiltration": 0.6983436738534827,
    "Mass": 0.7813197831114986,
    "Nodule": 0.7182141574911537,
    "Pneumonia": 0.7001006277632611,
    "Pneumothorax": 0.8606382406866574,
    "Consolidation": 0.738673916475905,
    "Edema": 0.8395072450749157,
    "Emphysema": 0.8848515253598351,
    "Fibrosis": 0.8137700793099336,
    "Pleural_Thickening": 0.7461255954832415,
    "Hernia": 0.8977245585406544
  },
  "mean_auc": 0.7945184973672521,
  "per_class_f1": {
    "Atelectasis": 0.3428914377167245,
    "Cardiomegaly": 0.24719432959243945,
    "Effusion": 0.4671268132896584,
    "Infiltration": 0.448715043285138,
    "Mass": 0.2485089463220676,
    "Nodule": 0.19552197549064776,
    "Pneumonia": 0.07435870806937377,
    "Pneumothorax": 0.39644196389639835,
    "Consolidation": 0.19779946540685026,
    "Edema": 0.15898345153664303,
    "Emphysema": 0.265288035450517,
    "Fibrosis": 0.11159737417943107,
    "Pleural_Thickening": 0.16,
    "Hernia": 0.3681592039800995
  },
  "per_class_recall": {
    "Atelectasis": 0.7840805123513266,
    "Cardiomegaly": 0.7829747427502338,
    "Effusion": 0.8572348647488193,
    "Infiltration": 0.8098821989528796,
    "Mass": 0.7151029748283753,
    "Nodule": 0.6537276648182379,
    "Pneumonia": 0.645045045045045,
    "Pneumothorax": 0.8529080675422139,
    "Consolidation": 0.8765840220385674,
    "Edema": 0.8724324324324324,
    "Emphysema": 0.8215919487648673,
    "Fibrosis": 0.5862068965517241,
    "Pleural_Thickening": 0.7016622922134733,
    "Hernia": 0.43023255813953487
  },
  "per_class_precision": {
    "Atelectasis": 0.2194247674319365,
    "Cardiomegaly": 0.14676486059968438,
    "Effusion": 0.3210323203087313,
    "Infiltration": 0.31032537145006583,
    "Mass": 0.1503849855630414,
    "Nodule": 0.11495124593716143,
    "Pneumonia": 0.03945338329292484,
    "Pneumothorax": 0.2582367643717337,
    "Consolidation": 0.11147701793721973,
    "Edema": 0.08746071312452584,
    "Emphysema": 0.15818213845340848,
    "Fibrosis": 0.06166868198307134,
    "Pleural_Thickening": 0.09029497860842153,
    "Hernia": 0.3217391304347826
  },
  "chexnet_aucs": {
    "Atelectasis": 0.8094,
    "Cardiomegaly": 0.9248,
    "Effusion": 0.8638,
    "Infiltration": 0.7345,
    "Mass": 0.8676,
    "Nodule": 0.7802,
    "Pneumonia": 0.768,
    "Pneumothorax": 0.8887,
    "Consolidation": 0.7901,
    "Edema": 0.8878,
    "Emphysema": 0.9371,
    "Fibrosis": 0.8047,
    "Pleural_Thickening": 0.8062,
    "Hernia": 0.9164
  },
  "chexnet_mean_auc": 0.8413785714285714,
  "threshold_used": 0.5,
  "n_samples": 25596,
  "class_names": [
    "Atelectasis",
    "Cardiomegaly",
    "Effusion",
    "Infiltration",
    "Mass",
    "Nodule",
    "Pneumonia",
    "Pneumothorax",
    "Consolidation",
    "Edema",
    "Emphysema",
    "Fibrosis",
    "Pleural_Thickening",
    "Hernia"
  ]
}